User_Id,Location,Age,Username,Email,Password
1,"Semarang, Jawa Tengah",20,laura1197,laura1197@gmail.com,@!#z1&h<
2,"Bekasi, Jawa Barat",21,rangga7722,rangga7722@gmail.com,"""`4w-((_"
3,"Cirebon, Jawa Barat",23,david2172,david2172@gmail.com,+s$'GGg4
4,"Bekasi, Jawa Barat",21,sarah4802,sarah4802@gmail.com,fZ~@:I02
5,"Lampung, Sumatera Selatan",20,hamid7944,hamid7944@gmail.com,"oob9nf},"
6,"Jakarta Utara, DKI Jakarta",18,levina8004,levina8004@gmail.com,AgAU8r:Y
7,"Jakarta Selatan, DKI Jakarta",39,jane5533,jane5533@gmail.com,[%+]17iP
8,"Bandung, Jawa Barat",40,betty2279,betty2279@gmail.com,3z>V@9s=
9,"Surabaya, Jawa Timur",38,rangga4675,rangga4675@gmail.com,:f?<Ae59
10,"Bekasi, Jawa Barat",39,sarah3970,sarah3970@gmail.com,P/J_&^Cd
11,"Yogyakarta, DIY",20,rangga5921,rangga5921@gmail.com,uTZu;fe&
12,"Bogor, Jawa Barat",37,robert9834,robert9834@gmail.com,VT2`4mlQ
13,"Depok, Jawa Barat",18,levina3796,levina3796@gmail.com,n.ls8X-A
14,"Jakarta Pusat, DKI Jakarta",26,levina4842,levina4842@gmail.com,:PADP[~_
15,"Jakarta Timur, DKI Jakarta",34,steve6720,steve6720@gmail.com,-Y2DGqBC
16,"Bekasi, Jawa Barat",40,rangga6552,rangga6552@gmail.com,l/~wyiln
17,"Semarang, Jawa Tengah",31,paul8202,paul8202@gmail.com,%kF;$^BC
18,"Yogyakarta, DIY",39,alex6045,alex6045@gmail.com,QIPJi6O@
19,"Cirebon, Jawa Barat",26,sarah9911,sarah9911@gmail.com,P[Q[F6ib
20,"Lampung, Sumatera Selatan",30,paul4927,paul4927@gmail.com,hRBWq`xp
21,"Semarang, Jawa Tengah",30,rangga2231,rangga2231@gmail.com,<pc3*?9p
22,"Subang, Jawa Barat",25,john8819,john8819@gmail.com,nP2J;}tH
23,"Jakarta Barat, DKI Jakarta",37,steve7373,steve7373@gmail.com,=-sf&.FQ
24,"Bekasi, Jawa Barat",36,amy5406,amy5406@gmail.com,{.-rM[$e
25,"Lampung, Sumatera Selatan",40,robert5006,robert5006@gmail.com,=@{K/*'9
26,"Palembang, Sumatera Selatan",38,robert9690,robert9690@gmail.com,d?D)2EDj
27,"Bogor, Jawa Barat",22,paul2759,paul2759@gmail.com,s*1YNugk
28,"Sragen, Jawa Tengah",38,linda2760,linda2760@gmail.com,^nsqH/Z8
29,"Ponorogo, Jawa Timur",34,steve8482,steve8482@gmail.com,4)9)KE*7
30,"Depok, Jawa Barat",30,steve8019,steve8019@gmail.com,H].wqRl+
31,"Jakarta Selatan, DKI Jakarta",26,kevin3974,kevin3974@gmail.com,g1bpXfH:
32,"Bekasi, Jawa Barat",34,betty1380,betty1380@gmail.com,"+>R|$""OX"
33,"Ponorogo, Jawa Timur",24,sarah8708,sarah8708@gmail.com,-&-;WrKt
34,"Sragen, Jawa Tengah",31,jane3513,jane3513@gmail.com,|mG~{*PP
35,"Klaten, Jawa Tengah",24,hamid3936,hamid3936@gmail.com,"4[|-""L[g"
36,"Solo, Jawa Tengah",20,sarah3605,sarah3605@gmail.com,"1f""Z>7ZX"
37,"Tanggerang, Banten",21,hamid3275,hamid3275@gmail.com,Y-BFfMpv
38,"Serang, Banten",26,steve2499,steve2499@gmail.com,$/yr]x|y
39,"Cilacap, Jawa Tengah",32,rangga6023,rangga6023@gmail.com,"*Ri,!V.Q"
40,"Semarang, Jawa Tengah",27,paul8376,paul8376@gmail.com,U<}K}/K;
41,"Yogyakarta, DIY",24,mike8750,mike8750@gmail.com,uD@p'T=B
42,"Kota Gede, DIY",37,linda1290,linda1290@gmail.com,*q{(Ue7g
43,"Cirebon, Jawa Barat",33,karen5955,karen5955@gmail.com,s.rrHJ4{
44,"Subang, Jawa Barat",21,robert7845,robert7845@gmail.com,^9UnWzB5
45,"Karawang, Jawa Barat",25,laura3812,laura3812@gmail.com,|Hzye2k+
46,"Purwakarat, Jawa Barat",38,david6684,david6684@gmail.com,UJ<GWCFa
47,"Jakarta Utara, DKI Jakarta",31,mike2998,mike2998@gmail.com,MR'f3-(0
48,"Jakarta Selatan, DKI Jakarta",35,karen4004,karen4004@gmail.com,"2F#Or.,"""
49,"Jakarta Pusat, DKI Jakarta",24,levina9600,levina9600@gmail.com,"'""<89GD3"
50,"Bekasi, Jawa Barat",19,hamid5629,hamid5629@gmail.com,"6l&6a+,'"
51,"Bogor, Jawa Barat",29,susan9369,susan9369@gmail.com,>cWP[;Q1
52,"Karawang, Jawa Barat",18,linda2106,linda2106@gmail.com,"nR34""BuW"
53,"Subang, Jawa Barat",28,susan6063,susan6063@gmail.com,;!`8$~#o
54,"Serang, Banten",31,susan1202,susan1202@gmail.com,iClHT-!/
55,"Tanggerang, Banten",19,hamid1534,hamid1534@gmail.com,}h$>G7>Y
56,"Kota Gede, DIY",18,hamid1988,hamid1988@gmail.com,Xtt0b^WU
57,"Yogyakarta, DIY",21,hamid6204,hamid6204@gmail.com,_G1!FNSt
58,"Lampung, Sumatera Selatan",21,paul4775,paul4775@gmail.com,A(H}mT?p
59,"Ponorogo, Jawa Timur",26,robert8702,robert8702@gmail.com,olRaY*Y-
60,"Surabaya, Jawa Timur",25,rangga5696,rangga5696@gmail.com,EWytlRt(
61,"Nganjuk, Jawa Timur",23,susan2015,susan2015@gmail.com,}rsL[Zi4
62,"Madura, Jawa Timur",36,hamid5814,hamid5814@gmail.com,}5dJOQ7y
63,"Semarang, Jawa Tengah",35,mike8019,mike8019@gmail.com,Ity4B}5!
64,"Bandung, Jawa Barat",38,rangga4170,rangga4170@gmail.com,oSCA^>-|
65,"Yogyakarta, DIY",22,linda9756,linda9756@gmail.com,jZtA>r~?
66,"Bekasi, Jawa Barat",33,levina3362,levina3362@gmail.com,_hh8xE|]
67,"Surabaya, Jawa Timur",25,sarah6212,sarah6212@gmail.com,"""M%L?~(s"
68,"Kota Gede, DIY",37,paul9219,paul9219@gmail.com,By.P>qVv
69,"Bekasi, Jawa Barat",24,alex6567,alex6567@gmail.com,QqyFRb]J
70,"Bogor, Jawa Barat",21,levina6423,levina6423@gmail.com,Iwq!7]Q\
71,"Depok, Jawa Barat",39,david6759,david6759@gmail.com,rv72rqso
72,"Tanggerang, Banten",19,john5630,john5630@gmail.com,}]:LY*O)
73,"Serang, Banten",29,karen2746,karen2746@gmail.com,sj9r&c~:
74,"Semarang, Jawa Tengah",30,kevin4175,kevin4175@gmail.com,`%+em!C%
75,"Bekasi, Jawa Barat",19,laura4655,laura4655@gmail.com,}w/vQK+6
76,"Cirebon, Jawa Barat",19,paul1519,paul1519@gmail.com,60e55Wjl
77,"Bekasi, Jawa Barat",34,sarah3226,sarah3226@gmail.com,".e+:cc,A"
78,"Lampung, Sumatera Selatan",22,john1238,john1238@gmail.com,@tFHu]-_
79,"Jakarta Utara, DKI Jakarta",31,susan2204,susan2204@gmail.com,"^#rio""c-"
80,"Jakarta Selatan, DKI Jakarta",32,jane2175,jane2175@gmail.com,"J,:a~VAx"
81,"Bandung, Jawa Barat",29,levina1771,levina1771@gmail.com,|3Lr|4R:
82,"Surabaya, Jawa Timur",24,alex1584,alex1584@gmail.com,S4s&gOWq
83,"Bekasi, Jawa Barat",32,alex9640,alex9640@gmail.com,"]h-m=N,i"
84,"Yogyakarta, DIY",35,rangga9188,rangga9188@gmail.com,k7<M>fUV
85,"Bogor, Jawa Barat",31,linda9863,linda9863@gmail.com,Hur(.Pbh
86,"Depok, Jawa Barat",32,paul4961,paul4961@gmail.com,JXlPb}TD
87,"Jakarta Pusat, DKI Jakarta",30,levina6298,levina6298@gmail.com,WcFHb3Tj
88,"Jakarta Timur, DKI Jakarta",27,robert9809,robert9809@gmail.com,"|uPL\Qz,"
89,"Bekasi, Jawa Barat",35,david7818,david7818@gmail.com,^UyM2Wmc
90,"Semarang, Jawa Tengah",29,hamid7498,hamid7498@gmail.com,gE2yEiX;
91,"Yogyakarta, DIY",32,mike3760,mike3760@gmail.com,|X`Ids/0
92,"Cirebon, Jawa Barat",39,sarah5839,sarah5839@gmail.com,"CCBJu,}D"
93,"Lampung, Sumatera Selatan",18,betty4510,betty4510@gmail.com,%S-{9;S0
94,"Semarang, Jawa Tengah",34,steve6654,steve6654@gmail.com,ly.73YR.
95,"Subang, Jawa Barat",27,kevin9948,kevin9948@gmail.com,DQwg8iJ#
96,"Jakarta Barat, DKI Jakarta",19,jane3667,jane3667@gmail.com,"!xc""#r_A"
97,"Bekasi, Jawa Barat",38,steve1525,steve1525@gmail.com,)_b532`^
98,"Lampung, Sumatera Selatan",28,rangga4098,rangga4098@gmail.com,h/#Pxr!*
99,"Palembang, Sumatera Selatan",33,paul7479,paul7479@gmail.com,jR^g{n6P
100,"Bogor, Jawa Barat",28,jane2682,jane2682@gmail.com,YYW41mxH
101,"Sragen, Jawa Tengah",39,john4123,john4123@gmail.com,l(oVo{\n
102,"Ponorogo, Jawa Timur",21,mike6282,mike6282@gmail.com,U8beG6Z2
103,"Depok, Jawa Barat",30,sarah8508,sarah8508@gmail.com,n-DNT-NE
104,"Jakarta Selatan, DKI Jakarta",27,linda4855,linda4855@gmail.com,`F_6[?Kz
105,"Bekasi, Jawa Barat",37,john7174,john7174@gmail.com,^.^B1dGB
106,"Ponorogo, Jawa Timur",32,linda8711,linda8711@gmail.com,p_Ah}0Rz
107,"Sragen, Jawa Tengah",24,laura3080,laura3080@gmail.com,X#(G_bSC
108,"Klaten, Jawa Tengah",33,rangga2119,rangga2119@gmail.com,jcgA9kIL
109,"Solo, Jawa Tengah",18,levina1536,levina1536@gmail.com,yQeh}|ii
110,"Tanggerang, Banten",39,karen2492,karen2492@gmail.com,x12/=wZn
111,"Serang, Banten",38,karen6808,karen6808@gmail.com,*D].Nqk\
112,"Cilacap, Jawa Tengah",18,kevin6997,kevin6997@gmail.com,:ytuVV40
113,"Semarang, Jawa Tengah",38,kevin1848,kevin1848@gmail.com,Dsm<a%Uv
114,"Yogyakarta, DIY",39,amy7618,amy7618@gmail.com,@B_G/bV)
115,"Kota Gede, DIY",26,jane7796,jane7796@gmail.com,M_7:(N7m
116,"Cirebon, Jawa Barat",23,alex2781,alex2781@gmail.com,">>r,4Lh{"
117,"Subang, Jawa Barat",30,sarah4761,sarah4761@gmail.com,r:W'g//C
118,"Karawang, Jawa Barat",32,robert6768,robert6768@gmail.com,_mQzDzHy
119,"Purwakarat, Jawa Barat",25,rangga9077,rangga9077@gmail.com,6)LQHV!{
120,"Jakarta Utara, DKI Jakarta",32,david5899,david5899@gmail.com,7}3z0S6_
121,"Jakarta Selatan, DKI Jakarta",35,kevin9051,kevin9051@gmail.com,+1'(/t_t
122,"Jakarta Pusat, DKI Jakarta",24,levina9678,levina9678@gmail.com,.|&z(uOu
123,"Bekasi, Jawa Barat",32,betty9672,betty9672@gmail.com,-buygO|w
124,"Bogor, Jawa Barat",22,betty2034,betty2034@gmail.com,(JDx@]Wy
125,"Karawang, Jawa Barat",24,amy3679,amy3679@gmail.com,"WhoWUo-"""
126,"Subang, Jawa Barat",32,linda8434,linda8434@gmail.com,wP;6;@(B
127,"Serang, Banten",38,john6905,john6905@gmail.com,_(H7)TYT
128,"Tanggerang, Banten",28,robert8604,robert8604@gmail.com,V3pENZfH
129,"Kota Gede, DIY",29,laura2717,laura2717@gmail.com,"""zS2?1bk"
130,"Yogyakarta, DIY",27,susan4201,susan4201@gmail.com,"""jT.VGP,"
131,"Lampung, Sumatera Selatan",21,susan8474,susan8474@gmail.com,8Z0mnSuS
132,"Ponorogo, Jawa Timur",31,laura9486,laura9486@gmail.com,E\VFV<!a
133,"Surabaya, Jawa Timur",29,paul3539,paul3539@gmail.com,jOL0XoV6
134,"Nganjuk, Jawa Timur",27,linda3856,linda3856@gmail.com,Y'Of@lJb
135,"Madura, Jawa Timur",22,laura7847,laura7847@gmail.com,D#2VuY0_
136,"Semarang, Jawa Tengah",35,laura9287,laura9287@gmail.com,E9RC|>V4
137,"Bandung, Jawa Barat",28,alex5315,alex5315@gmail.com,7\\(iKM*
138,"Yogyakarta, DIY",25,john9765,john9765@gmail.com,z)+L1DS{
139,"Bekasi, Jawa Barat",33,alex1286,alex1286@gmail.com,{IkI@:2Z
140,"Surabaya, Jawa Timur",25,steve5499,steve5499@gmail.com,"z:1;g""0l"
141,"Kota Gede, DIY",34,rangga2907,rangga2907@gmail.com,"xE""fY(NP"
142,"Bekasi, Jawa Barat",29,kevin7994,kevin7994@gmail.com,-f{{h1c+
143,"Bogor, Jawa Barat",25,robert2297,robert2297@gmail.com,q`!7uT]-
144,"Depok, Jawa Barat",18,rangga3116,rangga3116@gmail.com,5K[;OY3N
145,"Tanggerang, Banten",37,levina8298,levina8298@gmail.com,0&{CJQ*@
146,"Serang, Banten",38,amy5210,amy5210@gmail.com,kPN3x^G#
147,"Semarang, Jawa Tengah",18,susan9686,susan9686@gmail.com,nG+9nz}W
148,"Bekasi, Jawa Barat",33,paul2875,paul2875@gmail.com,}+N`L$|n
149,"Cirebon, Jawa Barat",30,laura2142,laura2142@gmail.com,yO#Qc6Bv
150,"Bekasi, Jawa Barat",40,steve7988,steve7988@gmail.com,~Wd>z4*a
151,"Lampung, Sumatera Selatan",36,betty8628,betty8628@gmail.com,Xn1n1bzO
152,"Jakarta Utara, DKI Jakarta",25,steve9669,steve9669@gmail.com,\c-mR>!#
153,"Jakarta Selatan, DKI Jakarta",39,hamid1044,hamid1044@gmail.com,0phw1;WQ
154,"Bandung, Jawa Barat",31,robert5638,robert5638@gmail.com,QP!E$)FE
155,"Surabaya, Jawa Timur",37,linda6827,linda6827@gmail.com,H++[0jIx
156,"Bekasi, Jawa Barat",31,robert7876,robert7876@gmail.com,x*n+8kSv
157,"Yogyakarta, DIY",28,alex8271,alex8271@gmail.com,&.KLkc%C
158,"Bogor, Jawa Barat",23,rangga9508,rangga9508@gmail.com,R/59ysq?
159,"Depok, Jawa Barat",20,susan6769,susan6769@gmail.com,e36PW;Ni
160,"Jakarta Pusat, DKI Jakarta",36,alex8594,alex8594@gmail.com,XQWVZ.DV
161,"Jakarta Timur, DKI Jakarta",33,susan7515,susan7515@gmail.com,S(%zOf*R
162,"Bekasi, Jawa Barat",25,kevin2570,kevin2570@gmail.com,7+.aR9P}
163,"Semarang, Jawa Tengah",40,amy3292,amy3292@gmail.com,\z!=]_q1
164,"Yogyakarta, DIY",19,karen4585,karen4585@gmail.com,9YrxLrce
165,"Cirebon, Jawa Barat",23,steve5568,steve5568@gmail.com,"""VyN~?+&"
166,"Lampung, Sumatera Selatan",26,sarah6968,sarah6968@gmail.com,9u4EXyJb
167,"Semarang, Jawa Tengah",19,levina4078,levina4078@gmail.com,W^8$4aM$
168,"Subang, Jawa Barat",38,amy7649,amy7649@gmail.com,0_'\V_=h
169,"Jakarta Barat, DKI Jakarta",18,steve2243,steve2243@gmail.com,"7<,PKgHC"
170,"Bekasi, Jawa Barat",19,amy7288,amy7288@gmail.com,seir_VG6
171,"Lampung, Sumatera Selatan",33,amy7912,amy7912@gmail.com,2yN|F[I:
172,"Palembang, Sumatera Selatan",34,betty3651,betty3651@gmail.com,Y@eNDlTN
173,"Bogor, Jawa Barat",29,karen3766,karen3766@gmail.com,JkPq5x>U
174,"Sragen, Jawa Tengah",32,mike2869,mike2869@gmail.com,.&%:>k!6
175,"Ponorogo, Jawa Timur",36,hamid4573,hamid4573@gmail.com,bth{{v{I
176,"Depok, Jawa Barat",31,robert1290,robert1290@gmail.com,"/,e^n\3n"
177,"Jakarta Selatan, DKI Jakarta",35,sarah2040,sarah2040@gmail.com,"=,Q[`>U1"
178,"Bekasi, Jawa Barat",33,paul1972,paul1972@gmail.com,In{TxrH_
179,"Ponorogo, Jawa Timur",27,mike7299,mike7299@gmail.com,f.kNC^l)
180,"Sragen, Jawa Tengah",24,jane9884,jane9884@gmail.com,A^l.Khi*
181,"Klaten, Jawa Tengah",29,alex8091,alex8091@gmail.com,(+oh0(Hw
182,"Solo, Jawa Tengah",34,john3395,john3395@gmail.com,\q5Y?t6L
183,"Tanggerang, Banten",37,paul3163,paul3163@gmail.com,D81^b6Vv
184,"Serang, Banten",30,jane1674,jane1674@gmail.com,Vz1&yBe[
185,"Cilacap, Jawa Tengah",33,hamid5080,hamid5080@gmail.com,nCs$?U<3
186,"Semarang, Jawa Tengah",28,steve5290,steve5290@gmail.com,D$2o27D*
187,"Yogyakarta, DIY",25,paul4596,paul4596@gmail.com,EJ1s$iRf
188,"Kota Gede, DIY",37,mike6387,mike6387@gmail.com,7-$<r7QK
189,"Cirebon, Jawa Barat",21,paul8940,paul8940@gmail.com,_h8!6o.L
190,"Subang, Jawa Barat",18,sarah5834,sarah5834@gmail.com,EQ)ikN!I
191,"Karawang, Jawa Barat",32,karen6379,karen6379@gmail.com,QyO!PBMD
192,"Purwakarat, Jawa Barat",37,linda1120,linda1120@gmail.com,Z;Nv$1F|
193,"Jakarta Utara, DKI Jakarta",20,karen2861,karen2861@gmail.com,!KaG~Q-P
194,"Jakarta Selatan, DKI Jakarta",31,hamid6035,hamid6035@gmail.com,um9$~t@C
195,"Jakarta Pusat, DKI Jakarta",29,jane4643,jane4643@gmail.com,:*~AiOfi
196,"Bekasi, Jawa Barat",28,alex1048,alex1048@gmail.com,"""rBP{(\L"
197,"Bogor, Jawa Barat",27,susan5052,susan5052@gmail.com,!Ekw^Ut6
198,"Karawang, Jawa Barat",26,levina2406,levina2406@gmail.com,"""zV{Vk[l"
199,"Subang, Jawa Barat",18,karen4491,karen4491@gmail.com,>tM}R9:E
200,"Serang, Banten",34,steve7467,steve7467@gmail.com,Fd/cqgJd
201,"Bekasi, Jawa Barat",21,laura5814,laura5814@gmail.com,*i0t2r1_
202,"Lampung, Sumatera Selatan",21,hamid5652,hamid5652@gmail.com,UsP[?x(A
203,"Jakarta Utara, DKI Jakarta",24,susan4077,susan4077@gmail.com,]#z]%aPQ
204,"Jakarta Selatan, DKI Jakarta",21,paul4592,paul4592@gmail.com,yykT<1jx
205,"Bandung, Jawa Barat",24,sarah4796,sarah4796@gmail.com,S]`FDJ4:
206,"Surabaya, Jawa Timur",30,jane5112,jane5112@gmail.com,"%&A.-4K,"
207,"Bekasi, Jawa Barat",20,susan3471,susan3471@gmail.com,rkSY&mbB
208,"Yogyakarta, DIY",27,paul1727,paul1727@gmail.com,"E,MpLek%"
209,"Bogor, Jawa Barat",19,laura2909,laura2909@gmail.com,<(#`;}5S
210,"Depok, Jawa Barat",18,paul5210,paul5210@gmail.com,-?N\_G7L
211,"Jakarta Pusat, DKI Jakarta",22,sarah4358,sarah4358@gmail.com,UNO8e`%y
212,"Jakarta Timur, DKI Jakarta",28,susan1711,susan1711@gmail.com,"nqtW,1vk"
213,"Bekasi, Jawa Barat",20,robert5283,robert5283@gmail.com,c]tj5eDY
214,"Semarang, Jawa Tengah",30,jane2719,jane2719@gmail.com,z/d[l^T)
215,"Yogyakarta, DIY",23,mike2209,mike2209@gmail.com,#7*|)y/V
216,"Cirebon, Jawa Barat",28,jane5820,jane5820@gmail.com,a'/yJM!I
217,"Lampung, Sumatera Selatan",20,steve4307,steve4307@gmail.com,-;%Iw*-z
218,"Semarang, Jawa Tengah",29,betty6888,betty6888@gmail.com,JFm^Xl#j
219,"Subang, Jawa Barat",24,alex8037,alex8037@gmail.com,w3`yJjV<
220,"Jakarta Barat, DKI Jakarta",23,linda5363,linda5363@gmail.com,f/-?=WoE
221,"Bekasi, Jawa Barat",30,kevin8008,kevin8008@gmail.com,]=<:c]_[
222,"Lampung, Sumatera Selatan",30,hamid2634,hamid2634@gmail.com,}1?d2]-v
223,"Palembang, Sumatera Selatan",20,kevin4741,kevin4741@gmail.com,-+qZ=<Z4
224,"Bogor, Jawa Barat",28,karen4047,karen4047@gmail.com,Gl=/T;OZ
225,"Sragen, Jawa Tengah",19,david9746,david9746@gmail.com,_!f@Hqvt
226,"Ponorogo, Jawa Timur",23,mike4819,mike4819@gmail.com,v`8WB(g\
227,"Depok, Jawa Barat",25,sarah4763,sarah4763@gmail.com,p7tArrn0
228,"Jakarta Selatan, DKI Jakarta",18,betty9459,betty9459@gmail.com,XgTmFAcm
229,"Bekasi, Jawa Barat",20,karen3633,karen3633@gmail.com,jj{^tQ]i
230,"Ponorogo, Jawa Timur",20,rangga2433,rangga2433@gmail.com,##9dlr\a
231,"Sragen, Jawa Tengah",28,mike5715,mike5715@gmail.com,WQx`[zLl
232,"Klaten, Jawa Tengah",30,amy5085,amy5085@gmail.com,x}$l{I2i
233,"Solo, Jawa Tengah",23,paul1764,paul1764@gmail.com,w]#(f4!p
234,"Tanggerang, Banten",27,john8612,john8612@gmail.com,FcCv(XUU
235,"Serang, Banten",18,alex5903,alex5903@gmail.com,">`Tl,K7_"
236,"Cilacap, Jawa Tengah",23,paul1742,paul1742@gmail.com,E}'jBky)
237,"Semarang, Jawa Tengah",20,betty5470,betty5470@gmail.com,"=p<>A""IR"
238,"Yogyakarta, DIY",30,kevin3106,kevin3106@gmail.com,R#E])=Vv
239,"Kota Gede, DIY",23,sarah6361,sarah6361@gmail.com,}$[[)V&!
240,"Cirebon, Jawa Barat",22,robert2638,robert2638@gmail.com,72oZ!i`C
241,"Subang, Jawa Barat",20,paul2192,paul2192@gmail.com,Cfgi}v[A
242,"Karawang, Jawa Barat",20,laura3511,laura3511@gmail.com,sLWbuD*#
243,"Purwakarat, Jawa Barat",20,paul5675,paul5675@gmail.com,oi:l/w\.
244,"Jakarta Utara, DKI Jakarta",27,robert5339,robert5339@gmail.com,JY+$@q*x
245,"Jakarta Selatan, DKI Jakarta",27,hamid1311,hamid1311@gmail.com,2I\+rykY
246,"Jakarta Pusat, DKI Jakarta",28,kevin3621,kevin3621@gmail.com,lB6IIGU`
247,"Bekasi, Jawa Barat",28,levina3533,levina3533@gmail.com,U#onI+4^
248,"Bogor, Jawa Barat",29,levina4191,levina4191@gmail.com,eCzhP>7@
249,"Karawang, Jawa Barat",19,karen3780,karen3780@gmail.com,"E,',ngO0"
250,"Subang, Jawa Barat",27,laura7697,laura7697@gmail.com,)M`/M$F_
251,"Semarang, Jawa Tengah",29,rangga1396,rangga1396@gmail.com,(lFkkG?W
252,"Bekasi, Jawa Barat",30,linda9664,linda9664@gmail.com,"~,RDE4fF"
253,"Cirebon, Jawa Barat",34,jane9843,jane9843@gmail.com,^*xDx=Xn
254,"Bekasi, Jawa Barat",34,hamid2413,hamid2413@gmail.com,%_:w38K2
255,"Lampung, Sumatera Selatan",30,levina4883,levina4883@gmail.com,`VWd((|c
256,"Jakarta Utara, DKI Jakarta",39,david1683,david1683@gmail.com,NlD-LfM^
257,"Jakarta Selatan, DKI Jakarta",25,laura3569,laura3569@gmail.com,^4{u*.`U
258,"Bandung, Jawa Barat",38,levina6653,levina6653@gmail.com,=XIufFYx
259,"Surabaya, Jawa Timur",27,levina4387,levina4387@gmail.com,"D@?kRgy,"
260,"Bekasi, Jawa Barat",33,amy1525,amy1525@gmail.com,"Q,o41O<W"
261,"Yogyakarta, DIY",38,john4832,john4832@gmail.com,".ua""hK9s"
262,"Bogor, Jawa Barat",38,laura9318,laura9318@gmail.com,FJd]6XS5
263,"Depok, Jawa Barat",27,david8175,david8175@gmail.com,t@jOq(:}
264,"Jakarta Pusat, DKI Jakarta",37,steve6846,steve6846@gmail.com,RT8H*>pC
265,"Jakarta Timur, DKI Jakarta",30,hamid4355,hamid4355@gmail.com,1yYD\/qY
266,"Bekasi, Jawa Barat",32,hamid6855,hamid6855@gmail.com,YCkCOHOq
267,"Semarang, Jawa Tengah",31,kevin1885,kevin1885@gmail.com,"NnYZycT,"
268,"Yogyakarta, DIY",32,karen1923,karen1923@gmail.com,LpZ3i)=#
269,"Cirebon, Jawa Barat",36,amy5098,amy5098@gmail.com,$nfYH*yA
270,"Lampung, Sumatera Selatan",25,rangga3124,rangga3124@gmail.com,w^(?L!7H
271,"Semarang, Jawa Tengah",37,sarah8672,sarah8672@gmail.com,"yuXK""lu)"
272,"Subang, Jawa Barat",30,laura8530,laura8530@gmail.com,Zd:__xo4
273,"Jakarta Barat, DKI Jakarta",33,mike9963,mike9963@gmail.com,h%zQCASH
274,"Bekasi, Jawa Barat",38,david9116,david9116@gmail.com,"%:]S$3`"""
275,"Lampung, Sumatera Selatan",34,rangga5276,rangga5276@gmail.com,*|Yl3@So
276,"Lampung, Sumatera Selatan",39,karen1729,karen1729@gmail.com,"""xJx+E+6"
277,"Jakarta Utara, DKI Jakarta",29,alex5014,alex5014@gmail.com,.^@0zgn~
278,"Jakarta Selatan, DKI Jakarta",40,linda3078,linda3078@gmail.com,&(~czPNZ
279,"Bandung, Jawa Barat",28,jane1385,jane1385@gmail.com,jvr6Z3E=
280,"Surabaya, Jawa Timur",40,levina8778,levina8778@gmail.com,ls[Byj0n
281,"Bekasi, Jawa Barat",30,betty3306,betty3306@gmail.com,3|DK7f4m
282,"Yogyakarta, DIY",39,jane3517,jane3517@gmail.com,OoG+}&A9
283,"Bogor, Jawa Barat",37,david2733,david2733@gmail.com,/<xt3IRM
284,"Depok, Jawa Barat",29,john4856,john4856@gmail.com,CzU&!ee;
285,"Jakarta Pusat, DKI Jakarta",29,robert1906,robert1906@gmail.com,NciA2#F%
286,"Jakarta Timur, DKI Jakarta",35,amy6690,amy6690@gmail.com,'hHH`p\H
287,"Bekasi, Jawa Barat",27,steve8658,steve8658@gmail.com,JD]/U?VH
288,"Semarang, Jawa Tengah",30,susan2024,susan2024@gmail.com,",kP!e]wm"
289,"Yogyakarta, DIY",35,paul5879,paul5879@gmail.com,7G+?F>7V
290,"Cirebon, Jawa Barat",34,sarah2181,sarah2181@gmail.com,"Uk,jc5V."
291,"Lampung, Sumatera Selatan",25,laura5529,laura5529@gmail.com,MuUaqT8^
292,"Semarang, Jawa Tengah",29,robert2919,robert2919@gmail.com,ja*sP/gm
293,"Subang, Jawa Barat",34,hamid5161,hamid5161@gmail.com,"g,gb#z%'"
294,"Jakarta Barat, DKI Jakarta",28,john9072,john9072@gmail.com,ix%kX'59
295,"Bekasi, Jawa Barat",31,john1777,john1777@gmail.com,Aebxn{=_
296,"Lampung, Sumatera Selatan",31,alex7969,alex7969@gmail.com,;hG]O0Ht
297,"Palembang, Sumatera Selatan",39,kevin8703,kevin8703@gmail.com,#O;#O>n@
298,"Bogor, Jawa Barat",38,betty8519,betty8519@gmail.com,qOpu.T-S
299,"Sragen, Jawa Tengah",27,mike8419,mike8419@gmail.com,]-`6;M95
300,"Ponorogo, Jawa Timur",26,steve7686,steve7686@gmail.com,"D,6,OzmY"
